sequence,submitted_seconds,accepted_seconds,credential_deadline,accepted
0,0.936692208999375,0.9771926699995674,9126151,True
1,1.0848325160004606,1.0932814509997115,9126186,True
2,1.2047614809998777,1.2171623129997897,9126320,True
3,1.3255377610003052,1.3336743119998573,9126444,True
4,1.4633364550008992,1.4743255829998816,9126562,True
5,1.581461705000038,1.588276679000046,9126701,True
6,1.6959203149999666,1.7023365709992504,9126816,True
7,1.8100178330005292,1.8169713520001096,9126931,True
8,1.9251922120001836,1.9349000140009593,9127045,True
9,2.0903447229993617,2.1068800409993855,9127162,True
10,2.215009022000231,2.224608903999979,9127333,True
11,2.335055239000212,2.3430774539992854,9127452,True
12,2.4851672620006866,2.4983086550000735,9127571,True
13,2.6055570709995663,2.616911084000094,9127725,True
14,2.725553411999499,2.736235988999397,9127845,True
15,2.8633850629994413,2.875590474001001,9127964,True
16,3.0095906900005502,3.037249889001032,9128104,True
17,3.1678903060001176,3.182243606999691,9128265,True
18,3.288664540999889,3.294882165000672,9128410,True
19,3.407061044999864,3.4214627639994433,9128523,True
20,3.566373936999298,3.582337865000227,9128646,True
21,3.696803763999924,3.703678531999685,9128808,True
22,3.825156577000598,3.8328325740003493,9128932,True
23,3.9398091479997674,3.9492080660002102,9129061,True
24,4.062569686000643,4.0748547240000335,9129177,True
25,4.192564917000709,4.204989083000328,9129301,True
26,4.312094574999719,4.318380160000743,9129430,True
27,4.429301922000377,4.444021565999719,9129547,True
28,4.562884455999665,4.582488189000287,9129667,True
29,4.691150057000414,4.701000778999514,9129808,True
30,4.808495364999544,4.817583649999506,9129928,True
31,4.943033425000976,4.960252135999326,9130046,True
32,5.07042662800086,5.081005369000195,9130188,True
33,5.1890156350000325,5.198796647000563,9130307,True
34,5.306812454000465,5.312863241000741,9130427,True
35,5.419533845000842,5.426346194000871,9130541,True
36,5.539036375999785,5.558707778000098,9130655,True
37,5.678518901000643,5.685156536999784,9130784,True
38,5.794792012000471,5.803377742000521,9130914,True
39,5.9100652640008775,5.916932156000257,9131031,True
40,6.023136080999393,6.02907253200101,9131145,True
41,6.149161911000192,6.185560842999621,9131258,True
42,6.2925213710004755,6.301013181000599,9131406,True
43,6.408342385000651,6.417903183000817,9131529,True
44,6.524215318000643,6.530155852000462,9131646,True
45,6.641693919000318,6.654817811000612,9131759,True
46,6.761741296000764,6.767611245000808,9131882,True
47,6.873838794999756,6.881029737000063,9131996,True
48,6.992196502000297,7.002970957000798,9132110,True
49,7.119727663000958,7.1855787160002365,9132229,True
50,7.39653635600007,7.409071357000357,9132409,True
51,7.521305066000423,7.529932797000583,9132637,True
52,7.637364960999548,7.655060559000049,9132757,True
53,7.761930958000448,7.769713416000741,9132883,True
54,7.916072162001001,7.965355812999405,9132997,True
55,8.091189718999885,8.101297698000053,9133193,True
56,8.208378392999293,8.225176216999898,9133329,True
57,8.338490870000896,8.349629626000024,9133453,True
58,8.455753045000165,8.461753663999843,9133577,True
59,8.56826996900054,8.57432892200086,9133690,True
60,8.680836477000412,8.686746384999424,9133803,True
61,8.79326269000012,8.798943633000817,9133915,True
62,8.905407436001042,8.911906818000716,9134028,True
63,9.018285744999957,9.024962172999949,9134140,True
64,9.14070618200094,9.175003014999675,9134253,True
65,9.283985426000072,9.291630797000835,9134401,True
66,9.402676805000738,9.414875214000858,9134519,True
67,9.530251129001044,9.553076697000506,9134642,True
68,9.661915312999554,9.670129448999432,9134779,True
69,9.776239450000503,9.78962934899937,9134899,True
70,9.939854529000513,9.984464970000772,9135014,True
71,10.0916649589999,10.139654156999313,9135212,True
72,10.262634315000469,10.275451657000303,9135367,True
73,10.381886581999424,10.387748946999636,9135504,True
74,10.493964241000867,10.499732104000941,9135616,True
75,10.622130371999447,10.671063428000707,9135728,True
76,10.77716146900093,10.786202794000928,9135896,True
77,10.894818569000563,10.902351353000995,9136014,True
78,11.008687109000675,11.014278799999374,9136130,True
79,11.125153302000399,11.136757570000555,9136243,True
80,11.243693882001025,11.250311391999276,9136364,True
81,11.35657947800064,11.362285504999818,9136478,True
82,11.469698995999352,11.475323938000656,9136591,True
83,11.581263599000522,11.592694904000382,9136704,True
84,11.708330990000832,11.714332775000003,9136817,True
85,11.821998564999376,11.835494049999397,9136943,True
86,11.94129487400096,11.946883356000399,9137064,True
87,12.05375287500101,12.059439652000947,9137176,True
88,12.166974769999797,12.175107820999983,9137288,True
89,12.291675513000882,12.299849397999424,9137403,True
90,12.409131647000322,12.414947343000676,9137527,True
91,12.525334746000226,12.534739789000014,9137643,True
92,12.708097663000444,12.739828634999867,9137763,True
93,12.846577107000485,12.855074458999297,9137967,True
94,13.001782330000424,13.010144637000849,9138082,True
95,13.15063517499948,13.161806014999456,9138238,True
96,13.267574460000105,13.274050799000179,9138390,True
97,13.38481271099954,13.390841913000259,9138502,True
98,13.503784675000134,13.514570503999494,9138620,True
99,13.643418855999698,13.674173008999787,9138741,True
100,13.780070958000579,13.786222079999789,9138900,True
101,13.894556969000405,13.900683298999866,9139014,True
102,14.006662624000455,14.012448278999727,9139129,True
103,14.126765992999935,14.144239334000304,9139241,True
104,14.250696421000612,14.256973838000704,9139370,True
105,14.369253329999992,14.383832093999445,9139486,True
106,14.490858529999969,14.498827075000008,9139609,True
107,14.605583419999675,14.611633914999402,9139727,True
108,14.72270295800081,14.760594676999972,9139840,True
109,14.866613084999699,14.874640258,9139986,True
110,15.036886498000968,15.047045227000126,9140103,True
111,15.156260387000657,15.164830657000493,9140274,True
112,15.273076290999597,15.283939996999834,9140394,True
113,15.391906790000576,15.399785208001049,9140510,True
114,15.505628901999444,15.51245554200068,9140628,True
115,15.618971838001016,15.628918227999748,9140741,True
116,15.739642218999506,15.756255411999518,9140857,True
117,15.863785276000272,15.87046257899965,9140984,True
118,15.981262989000243,15.990932579999935,9141099,True
119,16.114307075000397,16.145848165000643,9141220,True
120,16.251815818999603,16.25812677900103,9141372,True
121,16.375722619000953,16.39096581600097,9141487,True
122,16.54213717499988,16.55273399900034,9141615,True
123,16.658637484999417,16.663889957999345,9141781,True
124,16.7699696159998,16.77600815200094,9141893,True
125,16.881811011000536,16.88930821000031,9142004,True
126,16.997131497999362,17.00415706000058,9142118,True
127,17.11243856799956,17.12118646700037,9142232,True
128,17.231600405999416,17.24171975900026,9142349,True
129,17.34903990699968,17.358406739000202,9142468,True
130,17.497165598999345,17.511454728999524,9142584,True
131,17.626966845000425,17.634196578999763,9142740,True
132,17.741279013000167,17.74679632600055,9142863,True
133,17.86862406900036,17.901395148999654,9142975,True
134,18.011760085999413,18.040923446000306,9143130,True
135,18.168809265000164,18.196718133000104,9143269,True
136,18.30397236099998,18.30965213700074,9143425,True
137,18.415111401000104,18.420290664000277,9143538,True
138,18.52787885900034,18.5346092460004,9143649,True
139,18.67309305500021,18.68492220400003,9143763,True
140,18.794703498999297,18.802534956999807,9143911,True
141,18.90819897700021,18.913593203000346,9144031,True
142,19.02364517299975,19.035552198000005,9144142,True
143,19.14666265300002,19.156602041999577,9144262,True
144,19.2639452300009,19.270909832001053,9144383,True
145,19.381510731000162,19.391378368000005,9144499,True
146,19.508800949000943,19.518435247000525,9144619,True
147,19.636195586999747,19.647628640999756,9144745,True
148,19.753299658999822,19.75922940000055,9144874,True
149,19.86771624299945,19.873061468000742,9144988,True
150,20.026346294000177,20.03454380400035,9145102,True
151,20.14467569000044,20.15494088000014,9145263,True
152,20.287713699999586,20.293842655000844,9145383,True
153,20.40111583900034,20.406523482999546,9145522,True
154,20.5135012009996,20.523663137999392,9145635,True
155,20.635255728999255,20.64472698099962,9145750,True
156,20.75210458500078,20.761834552000437,9145871,True
157,20.88462744000026,20.892247142999622,9145987,True
158,20.999376824000137,21.004802551000466,9146120,True
159,21.11814285500077,21.141277594999337,9146233,True
160,21.24712623999949,21.261694794000505,9146366,True
161,21.37184563700066,21.381408765999367,9146488,True
162,21.487100782000198,21.493782751000253,9146608,True
163,21.600792843999443,21.6069098400003,9146722,True
164,21.713439253000615,21.71853363899936,9146836,True
165,21.827447490999475,21.833851494000555,9146947,True
166,21.93940117300008,21.944557102000545,9147063,True
167,22.05531491900001,22.066513759000372,9147173,True
168,22.17233148500054,22.17731007600014,9147293,True
169,22.28280929399989,22.29517570600001,9147406,True
170,22.404453274000844,22.410703857000044,9147520,True
171,22.517883702999825,22.52381606900053,9147639,True
172,22.63033118900057,22.636549979000847,9147752,True
173,22.74527628299984,22.751614951999727,9147864,True
174,22.927340325999467,22.967932654000833,9147980,True
175,23.08762270800071,23.102832361000765,9148196,True
176,23.268113165000614,23.281023841000206,9148331,True
177,23.398118866000004,23.40449953499956,9148509,True
178,23.511233993000133,23.516971520999505,9148633,True
179,23.622590615999798,23.628044344000955,9148746,True
180,23.74320206700031,23.749932161999823,9148857,True
181,23.85748739200062,23.86886298600075,9148978,True
182,23.974521748999905,23.980072021000524,9149097,True
183,24.095411165999394,24.120570125000086,9149208,True
184,24.226786859999265,24.233732210999733,9149346,True
185,24.341449902000022,24.35352959699958,9149463,True
186,24.460839236000538,24.47112221700081,9149580,True
187,24.586879913000303,24.59794429000067,9149700,True
188,24.70422256799975,24.7179756000005,9149825,True
189,24.823539566999898,24.82968952200099,9149944,True
190,24.939365223001005,24.94642666099935,9150058,True
191,25.053417499000716,25.05993817200033,9150175,True
192,25.168131874999744,25.180441992999476,9150288,True
193,25.307034225999814,25.31256583100003,9150407,True
194,25.422564123000484,25.43262893099927,9150541,True
195,25.53878733000056,25.544169013999635,9150659,True
196,25.650677421999717,25.65754635399935,9150773,True
197,25.764809324000453,25.77004137900076,9150885,True
198,25.8806285619994,25.89461289099927,9150999,True
199,26.001017171000058,26.006422189999284,9151121,True
200,26.11968869299926,26.129224696000165,9151235,True
201,26.235163462000855,26.240462310999646,9151356,True
202,26.34811845600052,26.355871453999498,9151469,True
203,26.461876138999287,26.467749294000896,9151584,True
204,26.58296534799956,26.619548317999943,9151696,True
205,26.726172227999996,26.73389168200083,9151846,True
206,26.839704153999264,26.845084380000117,9151962,True
207,26.9578153679995,26.968000638000376,9152074,True
208,27.073708398000235,27.080640039999707,9152195,True
209,27.186380466999253,27.1916072719996,9152309,True
210,27.312211135000325,27.322890793000624,9152420,True
211,27.430966948000787,27.43777871199927,9152549,True
212,27.545400438000797,27.551890193000872,9152666,True
213,27.659763343001032,27.66781268200066,9152780,True
214,27.774405964000835,27.781143059000897,9152896,True
215,27.91268092000064,27.919716398000674,9153009,True
216,28.03398829999969,28.040379178000876,9153148,True
217,28.147991279000053,28.15401377099988,9153269,True
218,28.25963344400043,28.265407430000778,9153383,True
219,28.37556613900051,28.38172163499985,9153494,True
220,28.662726869000835,28.69678598000064,9153610,True
221,28.804783380999652,28.83179009699961,9153925,True
222,28.93969678800022,28.945008177999625,9154059,True
223,29.063785865999307,29.080359096000393,9154174,True
224,29.186207439999635,29.19120586400095,9154309,True
225,29.301663538000867,29.31196168600036,9154420,True
226,29.417703860000984,29.425427980999302,9154539,True
227,29.537563075000435,29.543699903999368,9154652,True
228,29.667192505999992,29.676034031999734,9154772,True
229,29.785678226000528,29.79151142199953,9154904,True
230,29.90565148600035,29.913013931000023,9155020,True
231,30.03683145800096,30.04251940100039,9155141,True
232,30.1492853510008,30.183689802999652,9155271,True
233,30.303605601000527,30.310697372000504,9155408,True
234,30.465518135999446,30.476223460000256,9155539,True
235,30.58657933900031,30.596771316999366,9155705,True
236,30.714460473000145,30.72092456000064,9155825,True
237,30.826779902999988,30.831952456999716,9155949,True
238,30.942643761,30.952185305000967,9156061,True
