t_seconds,phase,pan_deg,tilt_deg,roll_deg,quaternion_w,quaternion_x,quaternion_y,quaternion_z,mode,generation
0.43946012200103723,preflight,-66.2,-99.7,27.5,0.2960031917013011,0.6937579490051781,-0.4260789440137451,-0.4995385392168491,1,1000000
0.597204686000623,preflight,-66.2,-99.7,27.5,0.2960006520674197,0.6937612121749037,-0.4260795307951598,-0.49953501168051007,1,1000000
0.7570440569998027,preflight,-66.2,-99.7,27.5,0.2960099610687897,0.6937547998970195,-0.4260858940584989,-0.49953297333836666,1,1000000
0.9140515599992796,preflight,-66.2,-99.7,27.5,0.2960097152241536,0.6937543056555044,-0.42608534692740246,-0.49953427210865103,1,1000000
0.9365767060007784,motion,-66.2,-99.7,27.5,0.2960097152241536,0.6937543056555044,-0.42608534692740246,-0.49953427210865103,1,1000000
1.0847712640006648,motion,-66.2,-99.7,27.5,0.29600972474424186,0.6937571293859727,-0.4260822611893212,-0.499532976872166,1,1000000
1.2046938120001869,motion,-66.2,-99.7,27.3,0.2964732675386754,0.6932983464954812,-0.42702156715011574,-0.4990927624903331,1,1000000
1.325487009000426,motion,-66.2,-99.7,27.2,0.29679194372467904,0.6929758256419561,-0.42769214914004466,-0.4987769769946746,1,1000000
1.4632609109994519,motion,-66.2,-99.7,27.1,0.2971161078904705,0.6926555104349171,-0.42836162155435914,-0.49845429426927707,1,1000000
1.5814068700001371,motion,-66.2,-99.7,27,0.2974455834594309,0.6923324190979139,-0.4290280767876072,-0.49813337137200164,1,1000000
1.6958704389999184,motion,-66.2,-99.7,26.8,0.2980931094880552,0.6916796545683332,-0.43036162732705585,-0.49750238517657563,1,1000000
1.809970873000566,motion,-66.2,-99.6,26.7,0.29843037958861585,0.6913466369765162,-0.4310343511317882,-0.4971805750673028,1,1000000
1.9251318349997746,motion,-66.2,-99.6,26.6,0.29875784346992207,0.6910175504082167,-0.43169711914358333,-0.4968662730716992,1,1000000
2.090282888000729,motion,-66.2,-99.6,26.5,0.29907791740645123,0.6906909100402897,-0.4323736871153323,-0.49653948563818073,1,1000000
2.214952436999738,motion,-66.2,-99.6,26.3,0.29973210683789675,0.6900319776677896,-0.43370933583440485,-0.49589590231869674,1,1000000
2.3349616110008355,motion,-66.2,-99.6,26.2,0.30005555094879605,0.6897051047032733,-0.4343679068318134,-0.49557850680352333,1,1000000
2.485096385000361,motion,-66.2,-99.6,26.1,0.30037864660902897,0.6893797429202121,-0.43503480596740884,-0.49525039758640244,1,1000000
2.6055031110008713,motion,-66.2,-99.6,25.8,0.3010277101927731,0.6887180094459434,-0.43636240828487616,-0.49460860263114753,1,1000000
2.7254971180009306,motion,-66.2,-99.6,25.7,0.30135276212192247,0.6883816558822448,-0.43703632529551645,-0.4942837838514411,1,1000000
2.8633267280001746,motion,-66.2,-99.6,25.6,0.3016739185381691,0.6880549182750979,-0.43769594965407227,-0.4939590387549299,1,1000000
3.0095271049995063,motion,-66.2,-99.6,25.4,0.302327668967455,0.6873879493478707,-0.43902837791798427,-0.49330504867752745,1,1000000
3.167828470999666,motion,-66.2,-99.6,25.3,0.3026503101196995,0.6870535781710773,-0.4396931339563506,-0.4929808499915711,1,1000000
3.28861408100056,motion,-66.2,-99.6,25.1,0.30330543481742134,0.6863813122277298,-0.4410244047836419,-0.49232507738280884,1,1000000
3.4069507919994066,motion,-66.2,-99.6,25,0.30362428415896914,0.6860456060190275,-0.44168562060235017,-0.49200359051947534,1,1000000
3.5662744759993075,motion,-66.2,-99.6,24.9,0.30394769979923286,0.6857084244966279,-0.44234174974019064,-0.4916843792494274,1,1000000
3.6967506790006155,motion,-66.2,-99.6,24.7,0.3045806924002518,0.6850441186462398,-0.44366625522905256,-0.4910248581245238,1,1000000
3.825102909000634,motion,-66.2,-99.6,24.6,0.30490542232109974,0.6847041349879508,-0.44433244827934076,-0.4906950237934769,1,1000000
3.9397516879998875,motion,-66.2,-99.6,24.4,0.3052196967831593,0.6843720381006273,-0.4449849533927685,-0.4903715340592532,1,1000000
4.062467308000123,motion,-66.2,-99.5,24.2,0.3058463874153603,0.6837015620760158,-0.4463093495739686,-0.48971228880093504,1,1000000
4.192487039999833,motion,-66.2,-99.5,24.1,0.3061680584483278,0.6833633909417849,-0.4469695977817666,-0.48938101165179326,1,1000000
4.312036240000452,motion,-66.2,-99.5,24,0.3064846127320595,0.6830238764313468,-0.44763014142570534,-0.48905298574937545,1,1000000
4.429210336000324,motion,-66.2,-99.5,23.9,0.3068003138971094,0.6826917641203699,-0.4482856969147776,-0.488718177006426,1,1000000
4.562818538001011,motion,-66.2,-99.5,23.7,0.3074435797539843,0.6820080075816906,-0.44960789524510625,-0.4880535456236065,1,1000000
4.691085013000702,motion,-66.2,-99.5,23.6,0.3077612973587443,0.681663541397821,-0.4502648503858811,-0.4877287818901238,1,1000000
4.808438197000214,motion,-66.3,-99.5,23.5,0.3080729631495752,0.6813285480887354,-0.45091259375976556,-0.48740157131915013,1,1000000
4.942970424001032,motion,-66.2,-99.5,23.4,0.3083960821392921,0.680981117567741,-0.45156666855337957,-0.487077116983469,1,1000000
5.070364208999308,motion,-66.2,-99.5,23.2,0.3090167429271345,0.6802998313675632,-0.45286920534632974,-0.48642602200227153,1,1000000
5.188964008000767,motion,-66.2,-99.5,23.1,0.3093299586272345,0.679960910588233,-0.45351660523919674,-0.4860975473503326,1,1000000
5.306700159000684,motion,-66.3,-99.5,23,0.30964804837359877,0.6796133114695125,-0.4541697530493848,-0.48577120996095025,1,1000000
5.419475802000306,motion,-66.3,-99.5,22.9,0.3099615535925826,0.6792633450296643,-0.4548235479924922,-0.4854489505448587,1,1000000
5.538931082001,motion,-66.3,-99.5,22.8,0.31027649977605304,0.6789185813625933,-0.45547260578271176,-0.4851213857879606,1,1000000
5.6784611490002135,motion,-66.3,-99.5,22.6,0.3108940439996479,0.6782342829650716,-0.45677691954625627,-0.4844563928634169,1,1000000
5.794734552000591,motion,-66.3,-99.5,22.5,0.31121937605467426,0.6778742275632795,-0.457427266382094,-0.4841377154734294,1,1000000
5.910013054000956,motion,-66.3,-99.5,22.4,0.31152802250066985,0.6775328417851816,-0.4580769769895913,-0.4838026691238852,1,1000000
6.023085329999958,motion,-66.3,-99.5,22.3,0.3118387887182672,0.6771874059552928,-0.4587265003619694,-0.4834705626322302,1,1000000
6.149069741999483,motion,-66.3,-99.5,22.1,0.3121503886416751,0.676835953507598,-0.4593730862282266,-0.4831475908658412,1,1000000
6.292468577999898,motion,-66.3,-99.5,22,0.3127711050857049,0.6761367177450575,-0.4606659314571026,-0.4824938075614728,1,1000000
6.408278508999501,motion,-66.2,-99.5,21.9,0.3130777458336914,0.6757922725678455,-0.46131694023917036,-0.4821553795714105,1,1000000
6.524162525000065,motion,-66.3,-99.5,21.8,0.3133873986261301,0.6754414493674393,-0.46196087471046576,-0.4818291575812962,1,1000000
6.641631500000585,motion,-66.3,-99.5,21.6,0.31369501726036453,0.6750915130934849,-0.4626071508208028,-0.4814992306376281,1,1000000
6.761694045000695,motion,-66.3,-99.5,21.5,0.31430945679213773,0.6743922422147545,-0.46389899954901165,-0.4808350935913616,1,1000000
6.873791252000956,motion,-66.3,-99.5,21.3,0.3146182848017904,0.6740432281603067,-0.4645466437543233,-0.48049711468041706,1,1000000
6.992110458000752,motion,-66.3,-99.5,21.2,0.31492760352890226,0.6736896543275492,-0.46518855659838554,-0.4801692003840732,1,1000000
7.119639286000165,motion,-66.3,-99.5,21.1,0.3152356823667481,0.6733373533592342,-0.465835121817033,-0.4798342551503203,1,1000000
7.396475396000824,motion,-66.3,-99.5,20.8,0.3161479935449466,0.6722819990110105,-0.4677662265377104,-0.47883412294231464,1,1000000
7.521247607000987,motion,-66.3,-99.5,20.7,0.31645980187377065,0.6719303665584405,-0.46841004061672087,-0.4784922257927451,1,1000000
7.637313917999563,motion,-66.3,-99.5,20.6,0.3167637514561222,0.6715801801551379,-0.46904941326679683,-0.4781562875256479,1,1000000
7.761864747999425,motion,-66.3,-99.5,20.5,0.31706801218247904,0.671223580767756,-0.4696917712348445,-0.47782467527979083,1,1000000
7.916010327000549,motion,-66.3,-99.5,20.4,0.3173766536493501,0.6708652559460482,-0.47033909042910843,-0.477486133931764,1,1000000
8.091135176000535,motion,-66.3,-99.5,20.1,0.3182828705923935,0.6698020061745121,-0.47225895250115274,-0.4764795573732187,1,1000000
8.208323557999393,motion,-66.3,-99.5,20.1,0.3182828705923935,0.6698020061745121,-0.47225895250115274,-0.4764795573732187,1,1000000
8.338427575999958,motion,-66.3,-99.5,19.9,0.31889502783244283,0.6690867247169605,-0.473535248546303,-0.4758080331556695,1,1000000
8.455703752000773,motion,-66.3,-99.5,19.8,0.31920153628353304,0.6687318238669849,-0.4741759408042587,-0.47546325214906404,1,1000000
8.568216883999412,motion,-66.3,-99.5,19.6,0.3198040276403468,0.6680136010959571,-0.47545922561979503,-0.4747859911885024,1,1000000
8.680727098999341,motion,-66.3,-99.5,19.5,0.3201016442811767,0.6676584392756625,-0.4760995443464251,-0.47444322069727146,1,1000000
8.793216897000093,motion,-66.3,-99.5,19.4,0.32040930276394625,0.6672965959981089,-0.4767368064160222,-0.474104576101002,1,1000000
8.905359309999767,motion,-66.3,-99.5,19.3,0.32070997504529014,0.6669318706597619,-0.47737902621927303,-0.4737681470198887,1,1000000
9.01823936800065,motion,-66.3,-99.5,19.2,0.32101467687119223,0.6665738888639939,-0.47800879861295265,-0.4734304768037409,1,1000000
9.140605554999638,motion,-66.3,-99.5,19.1,0.32131654283562655,0.6662107141946507,-0.4786477279672869,-0.4730912344402171,1,1000000
9.283927966000192,motion,-66.3,-99.5,18.9,0.3219247026341983,0.6654880957795735,-0.4799249565508374,-0.4724003771053078,1,1000000
9.402598635999311,motion,-66.3,-99.5,18.8,0.3222213934010446,0.6651249425701732,-0.4805573747206302,-0.4720665143889457,1,1000000
9.530163626999638,motion,-66.3,-99.5,18.7,0.3225246831555286,0.6647651514701296,-0.48119322441579393,-0.4717183512676319,1,1000000
9.66185872800088,motion,-66.3,-99.5,18.6,0.3228209403077571,0.6644012492356067,-0.4818301480973444,-0.4713781166934587,1,1000000
9.776192199000434,motion,-66.3,-99.5,18.4,0.32342422585765124,0.6636657221752529,-0.4831019281033173,-0.47069853027265407,1,1000000
9.93975565099936,motion,-66.3,-99.5,18.3,0.32372067330207455,0.6633078040258515,-0.48373180576715935,-0.4703522327835782,1,1000000
10.091611290999936,motion,-66.3,-99.5,18.1,0.324324613452539,0.6625726920718004,-0.48499669986248556,-0.4696692175905147,1,1000000
10.262569855000038,motion,-66.3,-99.5,18,0.32462285514067163,0.6622084086447515,-0.48563451408217295,-0.4693177432962405,1,1000000
10.381833789000666,motion,-66.3,-99.5,17.8,0.3252236771053603,0.6614719482734089,-0.48689680212827063,-0.46863197242048316,1,1000000
10.493916114999593,motion,-66.3,-99.5,17.6,0.32551336275944054,0.6611065256747645,-0.4875330476754331,-0.4682848917054518,1,1000000
10.622035286000028,motion,-66.3,-99.5,17.5,0.32581527984467695,0.6607361821680008,-0.4881589257349367,-0.4679454714163838,1,1000000
10.777113051000924,motion,-66.3,-99.5,17.3,0.3264019622451642,0.6600018406344952,-0.4894127896593559,-0.46726272130294316,1,1000000
10.894765192000705,motion,-66.3,-99.5,17.2,0.326697534080399,0.6596344223112748,-0.4900391634649128,-0.4669183744493953,1,1000000
11.008636357999421,motion,-66.3,-99.5,17.1,0.3269878231113426,0.6592678828710866,-0.4906647656245433,-0.46657572796513164,1,1000000
11.125070174000939,motion,-66.3,-99.5,17.1,0.3272853877195784,0.6589008737869553,-0.4912920871213721,-0.4662252659819693,1,1000000
11.243646921999243,motion,-66.3,-99.5,16.9,0.32757612348133003,0.6585309957826783,-0.49191375493599454,-0.4658880430137576,1,1000000
11.356532226000127,motion,-66.3,-99.5,16.8,0.32787467482010774,0.6581638144768255,-0.4925418859721508,-0.4655331153504767,1,1000000
11.469648244999917,motion,-66.3,-99.5,16.7,0.3281579632046558,0.6577928699104647,-0.49317330397932174,-0.46518919132160186,1,1000000
11.581213138999374,motion,-66.3,-99.4,16.6,0.3287588535778458,0.6570447443166869,-0.4944262621874797,-0.4644916483848958,1,1000000
11.708277322000868,motion,-66.3,-99.4,16.4,0.32905179666465884,0.6566765390358199,-0.49505423604293686,-0.4641359085091797,1,1000000
11.821947521999391,motion,-66.3,-99.4,16.3,0.32934210180247697,0.6563034154597305,-0.495679728247228,-0.4637900536244536,1,1000000
11.94124674700106,motion,-66.3,-99.5,16.3,0.329636098077908,0.6559304617350935,-0.4963040368784164,-0.4634410158694914,1,1000000
12.053703581999798,motion,-66.3,-99.5,16.2,0.3299223503055787,0.655555491129343,-0.4969352363682083,-0.46309136428428666,1,1000000
12.166907976999937,motion,-66.3,-99.5,16.1,0.330214949011415,0.6551821858628935,-0.49755746359623554,-0.46274286725674174,1,1000000
12.291608720001022,motion,-66.3,-99.5,15.9,0.3307971458401324,0.6544357146664046,-0.4988043307838774,-0.4620404563069586,1,1000000
12.409085270001015,motion,-66.3,-99.5,15.8,0.3310912783427066,0.6540530793418661,-0.49944042192680077,-0.4616843074595392,1,1000000
12.52527378600098,motion,-66.3,-99.5,15.7,0.33138102605214037,0.6536800326896466,-0.5000614570999247,-0.4613323851179252,1,1000000
12.708036411999274,motion,-66.3,-99.5,15.5,0.33195957623541217,0.6529229299476039,-0.5013148200985779,-0.46062776560230534,1,1000000
12.84651906399995,motion,-66.3,-99.5,15.4,0.3322520187228287,0.6525439484866726,-0.5019397035590291,-0.46027331591034243,1,1000000
13.001730121000946,motion,-66.3,-99.5,15.2,0.3328387065083726,0.6517822593352981,-0.503183770589269,-0.4595697715050169,1,1000000
13.1505782990007,motion,-66.3,-99.5,15.1,0.33312995559931324,0.6513958844400536,-0.5038150893623492,-0.45921475384374105,1,1000000
13.267514082999696,motion,-66.3,-99.5,15,0.33341375334777984,0.6510232157622213,-0.5044316701096505,-0.45886025302650746,1,1000000
13.38451607800016,motion,-66.3,-99.5,14.8,0.33400980491010906,0.6502497378097456,-0.5056789195333844,-0.45815014901429085,1,1000000
13.503706506000526,motion,-66.3,-99.5,14.7,0.3343012703877928,0.6498621843982298,-0.5062982550459864,-0.45780331895220966,1,1000000
13.643326687000808,motion,-66.3,-99.5,14.6,0.3345926574012623,0.649483357853654,-0.5069180533066068,-0.45744202771077386,1,1000000
13.78002312299941,motion,-66.3,-99.5,14.4,0.3351635660275996,0.6487212230209134,-0.5081594028801137,-0.45672768700226546,1,1000000
13.894496591999996,motion,-66.3,-99.5,14.3,0.33546364680269397,0.6483306956827193,-0.5087806639001533,-0.45637012035267793,1,1000000
14.006613915000344,motion,-66.3,-99.5,14.2,0.33574775976853805,0.6479496596005913,-0.5093972400038034,-0.45601439923580656,1,1000000
14.126234854000359,motion,-66.3,-99.5,14.1,0.3360345881826302,0.6475686280932077,-0.5100126744389584,-0.4556563391044088,1,1000000
14.250629919000858,motion,-66.3,-99.5,14,0.336332905624638,0.6471775547193661,-0.5106296959408769,-0.4553006730555952,1,1000000
14.36913724400074,motion,-66.3,-99.5,13.9,0.3366181008101741,0.6467885474434021,-0.5112498481174411,-0.4549466143438138,1,1000000
14.490798736000215,motion,-66.3,-99.5,13.7,0.3371981708862826,0.646009450644681,-0.5124823494311008,-0.45423674966946687,1,1000000
14.605532085999585,motion,-66.3,-99.5,13.6,0.33748569298780484,0.6456256954548146,-0.5130954861382637,-0.4538765145957287,1,1000000
14.722627414999806,motion,-66.3,-99.5,13.5,0.33776944648363283,0.6452470378359256,-0.5137094820730554,-0.4535092382899569,1,1000000
14.86656320899965,motion,-66.2,-99.5,13.4,0.33805635110075366,0.6448570997914981,-0.5143252540961345,-0.45315202452145,1,1000000
15.036831663999692,motion,-66.2,-99.5,13.2,0.3386301064677706,0.6440739563986662,-0.5155689662173628,-0.4524235081824939,1,1000000
15.156199135999486,motion,-66.2,-99.5,13.1,0.3389123333604471,0.6436885506853878,-0.5161740112887928,-0.45207064722536366,1,1000000
15.272989663000772,motion,-66.3,-99.5,13,0.3392096151846818,0.6432902794001856,-0.5167897328407257,-0.4517109976809315,1,1000000
15.391562029999477,motion,-66.2,-99.5,12.9,0.339493258493918,0.642902582017859,-0.5174059621041394,-0.45134428970691726,1,1000000
15.50557552600003,motion,-66.2,-99.5,12.7,0.34006312659814425,0.6421245964736872,-0.5186319973216015,-0.4506150506652048,1,1000000
15.618899211000098,motion,-66.2,-99.5,12.6,0.3403532699568417,0.6417239709276585,-0.5192464432186908,-0.4502589565697298,1,1000000
15.739562591999857,motion,-66.2,-99.5,12.5,0.3406347165157403,0.6413333693416784,-0.5198563079061149,-0.44989878684356827,1,1000000
15.863725774999693,motion,-66.2,-99.5,12.4,0.3409213788685321,0.640938775009363,-0.5204723124566752,-0.44953161411170767,1,1000000
15.981178112000634,motion,-66.2,-99.5,12.3,0.34120300897703904,0.6405477018906072,-0.5210790708303906,-0.44917229457104013,1,1000000
16.114194780000616,motion,-66.2,-99.5,12.1,0.3417727515473216,0.639758859872445,-0.5222969446842866,-0.44844831261578094,1,1000000
16.251763610000125,motion,-66.2,-99.5,12,0.3420608617310469,0.6393597680172385,-0.5229153002817758,-0.44807704989652936,1,1000000
16.375593699000092,motion,-66.2,-99.5,11.9,0.34234228776606285,0.6389673360902731,-0.5235183842125903,-0.447717548023569,1,1000000
16.54207942299945,motion,-66.2,-99.5,11.8,0.3426328877927768,0.6385652982518989,-0.5241298645633632,-0.44735327107783224,1,1000000
16.658589650000067,motion,-66.2,-99.5,11.6,0.343196512794699,0.6377739976890312,-0.5253454610002662,-0.44662358657344464,1,1000000
16.76990923899939,motion,-66.2,-99.5,11.5,0.34348004391574716,0.637372421802892,-0.5259566801315267,-0.4462593707495402,1,1000000
16.88176230099998,motion,-66.3,-99.5,11.4,0.3437655265573692,0.6369709960180662,-0.5265643589716529,-0.44589593947832623,1,1000000
16.997071412999503,motion,-66.2,-99.5,11.2,0.34432862845298773,0.6361782898569923,-0.527777591611164,-0.4451581662009995,1,1000000
17.112373232999744,motion,-66.2,-99.5,11.1,0.34461030300191414,0.6357751523127034,-0.5283881555158099,-0.44479169492841,1,1000000
17.231509404000462,motion,-66.2,-99.5,11,0.3448914632136445,0.6353777776266216,-0.5289929716569362,-0.44442254020039357,1,1000000
17.348978947000433,motion,-66.3,-99.5,10.9,0.3451769796036636,0.6349692065111366,-0.5295969014655478,-0.4440654022690804,1,1000000
17.4971046390001,motion,-66.3,-99.5,10.7,0.3457336395501491,0.6341723744163942,-0.5308076096776014,-0.4433248600279837,1,1000000
17.626913759999297,motion,-66.3,-99.5,10.6,0.3460216818453214,0.6337661143844936,-0.5314136740801387,-0.44295486784949617,1,1000000
17.741228261000288,motion,-66.3,-99.5,10.4,0.3463023789665517,0.6333629881394544,-0.5320195384667271,-0.44258467920480343,1,1000000
17.868568358999255,motion,-66.3,-99.5,10.4,0.3465725234956604,0.6329616402213742,-0.5326259811346961,-0.4422178334106618,1,1000000
18.01169883500006,motion,-66.3,-99.5,10.2,0.3471562765347012,0.6321306051922506,-0.5338326543345658,-0.44149305182296206,1,1000000
18.16876143099944,motion,-66.3,-99.5,10.1,0.34741132991195833,0.6317431897143224,-0.5344368286156376,-0.4411158422882108,1,1000000
18.30392248499993,motion,-66.3,-99.5,9.9,0.3479628246031188,0.6309431757084398,-0.5356363029038327,-0.4403706765131865,1,1000000
18.415064150000035,motion,-66.3,-99.5,9.8,0.3482466806674598,0.6305335525758914,-0.536239186859905,-0.43999911699451133,1,1000000
18.527818190999824,motion,-66.3,-99.5,9.7,0.3485229236110567,0.6301343301316936,-0.5368386388024158,-0.4396211705501147,1,1000000
18.672984553000788,motion,-66.2,-99.5,9.6,0.34880208549624897,0.6297238989435734,-0.5374434525703333,-0.4392487353903838,1,1000000
18.794651288999376,motion,-66.3,-99.5,9.5,0.349076295882347,0.629314473239347,-0.5380503458555866,-0.4388745364557243,1,1000000
18.908150559000205,motion,-66.3,-99.5,9.2,0.34964612019258406,0.6284765581908733,-0.5392613394432844,-0.4381346987179419,1,1000000
19.023560294999697,motion,-66.2,-99.5,9.2,0.3498979516644833,0.6280995086340916,-0.539846852342658,-0.43775313441520425,1,1000000
19.146579234000455,motion,-66.2,-99.5,9.1,0.350188521241747,0.6276664692855611,-0.540467795176784,-0.4373755426425467,1,1000000
19.26387785299994,motion,-66.2,-99.5,9,0.3504666682442804,0.6272746318068531,-0.5410608047626082,-0.4369815285466528,1,1000000
19.381412728000214,motion,-66.3,-99.5,8.9,0.3507243268441066,0.6268549335564925,-0.5416482491771649,-0.43664918756244775,1,1000000
19.50871519700013,motion,-66.2,-99.5,8.7,0.35127751224584325,0.6260498377362221,-0.542839366635817,-0.4358797220463994,1,1000000
19.63611479300016,motion,-66.2,-99.5,8.6,0.3515532713568546,0.62563946312939,-0.5434266619943348,-0.43551466405525013,1,1000000
19.75325036600043,motion,-66.2,-99.5,8.5,0.35183860358393043,0.6252239677188526,-0.5440236099133866,-0.43513549507574345,1,1000000
19.867657908000183,motion,-66.3,-99.6,8.3,0.35238486937261115,0.6243952585188314,-0.5452137056668165,-0.4343932321405426,1,1000000
20.026292335000107,motion,-66.3,-99.6,8.3,0.3526620536650317,0.6239776557903693,-0.5458123041151014,-0.4340164624247353,1,1000000
20.14461823000056,motion,-66.3,-99.6,8.2,0.3529397548345028,0.6235582303931013,-0.5464131372433162,-0.43363734411867944,1,1000000
20.287657699000192,motion,-66.3,-99.6,8,0.35349462176404606,0.6227244865147668,-0.5475966448996558,-0.4328899176158462,1,1000000
20.401063045999763,motion,-66.3,-99.6,7.9,0.35377589984645164,0.6223105460391226,-0.5481922337701989,-0.4325014124952218,1,1000000
20.51343849099976,motion,-66.3,-99.6,7.8,0.35404212942675195,0.6218954688852667,-0.5487841759116459,-0.432129754402449,1,1000000
20.635173769000176,motion,-66.3,-99.6,7.7,0.3543284610611745,0.6214752998543698,-0.5493768704168754,-0.43174627688481654,1,1000000
20.752045958000963,motion,-66.3,-99.6,7.5,0.3546021137686804,0.6210555180296174,-0.5499729885301138,-0.43136654520604956,1,1000000
20.884559772001012,motion,-66.3,-99.6,7.3,0.3551475126566036,0.6202190030920128,-0.5511567755487444,-0.43060984803425995,1,1000000
20.999328697000237,motion,-66.3,-99.6,7.2,0.3554282230644115,0.6197971775260391,-0.5517456001031354,-0.43023136769285136,1,1000000
21.118052144000103,motion,-66.3,-99.6,7.1,0.35569929208616585,0.6193800417438617,-0.5523309572861006,-0.42985682630637867,1,1000000
21.247069655000814,motion,-66.3,-99.6,7,0.35596720257259307,0.6189608803562913,-0.5529256135743652,-0.42947414955340346,1,1000000
21.37176075900061,motion,-66.3,-99.6,6.8,0.3565138364781934,0.6181180702795283,-0.5541045929752567,-0.42871439868196304,1,1000000
21.487049155999557,motion,-66.3,-99.6,6.8,0.3565138364781934,0.6181180702795283,-0.5541045929752567,-0.42871439868196304,1,1000000
21.600678216000233,motion,-66.3,-99.6,6.6,0.35705330898774434,0.6172767865627707,-0.5552911151625474,-0.4279416791259956,1,1000000
21.71339112699934,motion,-66.3,-99.6,6.5,0.3573254124418392,0.6168572518696035,-0.5558766376655151,-0.4275591703341559,1,1000000
21.827215318000526,motion,-66.3,-99.6,6.4,0.3575872557999066,0.6164353109083354,-0.5564632072025792,-0.4271856282515314,1,1000000
21.93935129700003,motion,-66.3,-99.6,6.3,0.35786238855327296,0.6160137150706979,-0.5570511902394579,-0.4267968898159247,1,1000000
22.05522420899979,motion,-66.3,-99.6,6.2,0.3581288242610947,0.6155957723516408,-0.5576273929295363,-0.42642382784122357,1,1000000
22.172276650999265,motion,-66.3,-99.6,6,0.35868032791495474,0.614734811757511,-0.5588124838522261,-0.42565025721968464,1,1000000
22.282758543000455,motion,-66.3,-99.6,5.9,0.3589429260653776,0.6143172471615918,-0.5593953266330381,-0.4252659923019302,1,1000000
22.404391731000942,motion,-66.3,-99.6,5.8,0.359218454476838,0.613891254318876,-0.5599839782071202,-0.42487359765628696,1,1000000
22.51782595199984,motion,-66.3,-99.6,5.7,0.3594843466959999,0.6134663853973168,-0.5605638057990915,-0.42449760670248704,1,1000000
22.63027956299993,motion,-66.3,-99.6,5.6,0.35974335223338255,0.6130369825461387,-0.5611576964249055,-0.42411368558171647,1,1000000
22.74521911500051,motion,-66.3,-99.6,5.5,0.3600184399626171,0.6126094593591509,-0.5617381456355937,-0.42372942891479326,1,1000000
22.927284032999523,motion,-66.3,-99.6,5.3,0.36055283172324654,0.6117550464963196,-0.5629052871322652,-0.4229598755688015,1,1000000
23.087560289000976,motion,-66.3,-99.6,5.1,0.3610835393750589,0.6109085713482155,-0.5640663536388616,-0.4221830689857441,1,1000000
23.26805395500014,motion,-66.3,-99.6,4.9,0.3616264415061294,0.6100406566751362,-0.5652290508554569,-0.4214176480357962,1,1000000
23.398063156000717,motion,-66.3,-99.5,4.8,0.3618861343049158,0.6096139392207509,-0.5658126326777834,-0.42102890115506225,1,1000000
23.51118207500076,motion,-66.3,-99.6,4.7,0.362149489556848,0.6091833921809092,-0.5663915472834677,-0.42064706948998737,1,1000000
23.62254423900049,motion,-66.3,-99.5,4.6,0.3624156532704803,0.6087565118396943,-0.5669720486110376,-0.42025361348964346,1,1000000
23.743144023999776,motion,-66.3,-99.5,4.5,0.3626849402822322,0.6083248936723815,-0.5675489383924047,-0.41986743188846387,1,1000000
23.85734359699927,motion,-66.3,-99.5,4.4,0.36294660240339355,0.607893063897367,-0.5681330137105922,-0.419476656563181,1,1000000
23.9744733309999,motion,-66.3,-99.5,4.2,0.3634791237338349,0.6070236931154015,-0.5692937755793663,-0.41870008322522745,1,1000000
24.09531491300004,motion,-66.3,-99.5,4.1,0.36373911873502646,0.6065951349859406,-0.5698722975354928,-0.41830821198593954,1,1000000
24.226732024999365,motion,-66.3,-99.5,4,0.3640026829205712,0.6061631576045463,-0.5704516895435426,-0.4179152343315925,1,1000000
24.341394483999466,motion,-66.3,-99.5,3.9,0.36426643886181764,0.6057338443354926,-0.571021352470254,-0.4175297430944495,1,1000000
24.460688732000563,motion,-66.3,-99.5,3.8,0.3645312057884186,0.6052970666761963,-0.5715971977885275,-0.41714398540544356,1,1000000
24.586815161999766,motion,-66.3,-99.5,3.6,0.365069331926161,0.6044240732754831,-0.5727440877644285,-0.41636538336292145,1,1000000
24.70415839999987,motion,-66.3,-99.5,3.5,0.36532523990044935,0.603986736176642,-0.5733274780107909,-0.4159724685266474,1,1000000
24.82349202399928,motion,-66.3,-99.5,3.4,0.3655853558657709,0.6035523992745957,-0.5739061815395515,-0.4155761587207187,1,1000000
24.939301054999305,motion,-66.3,-99.5,3.3,0.36584425059821785,0.6031211032952319,-0.574476601063955,-0.4151861677539077,1,1000000
25.053357414000857,motion,-66.3,-99.5,3.2,0.3661016772463314,0.6026809730272599,-0.5750554126395124,-0.41479691303376176,1,1000000
25.16806858199925,motion,-66.3,-99.5,3,0.36663181382503857,0.6018027900228851,-0.5762056960605608,-0.41400665554963995,1,1000000
25.306983473999935,motion,-66.3,-99.5,2.9,0.3668918856838718,0.601368012472956,-0.5767748999582705,-0.41361524702528346,1,1000000
25.42247749499984,motion,-66.3,-99.5,2.8,0.3671496509423969,0.6009302733558196,-0.5773466823784233,-0.4132248162005811,1,1000000
25.538741244999983,motion,-66.3,-99.5,2.7,0.36741658507490893,0.6004881770941893,-0.5779230510053713,-0.41282435647455745,1,1000000
25.650428623999687,motion,-66.3,-99.5,2.6,0.3676723218874149,0.6000542712922367,-0.5784918160898493,-0.4124307868466271,1,1000000
25.764751572000023,motion,-66.3,-99.5,2.5,0.3679311829571557,0.5996136000920795,-0.5790663295515492,-0.41203441746055647,1,1000000
25.880540185000427,motion,-66.3,-99.5,2.3,0.3684565874939618,0.5987241515146172,-0.580201947781934,-0.41126005557974643,1,1000000
26.00096729500001,motion,-66.3,-99.5,2.2,0.36871714473323375,0.598285048062471,-0.5807695684499311,-0.41086418292075444,1,1000000
26.119603524000922,motion,-66.3,-99.5,2.1,0.36896026736236465,0.5978526087642196,-0.5813459975274385,-0.41045999861196775,1,1000000
26.23511300300015,motion,-66.3,-99.5,2,0.36921918882005944,0.5974015190577497,-0.581920107691245,-0.4100702426404042,1,1000000
26.348038538000765,motion,-66.3,-99.5,1.9,0.36950443985734926,0.5969494985110747,-0.5824913791072499,-0.4096602963661683,1,1000000
26.461818969999513,motion,-66.3,-99.5,1.7,0.36977777309783494,0.5965034549465418,-0.5830270245080971,-0.40930125268911655,1,1000000
26.582870554000692,motion,-66.3,-99.5,1.5,0.3702456656732465,0.595625520333951,-0.5841878062229016,-0.4085009102040757,1,1000000
26.726111559000856,motion,-66.3,-99.5,1.4,0.37051535283817616,0.5952038270289656,-0.584734509414421,-0.4080886314284577,1,1000000
26.839649610999913,motion,-66.3,-99.4,1.3,0.3707601467174673,0.5947501722183658,-0.5853182735248865,-0.40769064856838766,1,1000000
26.95773836599983,motion,-66.3,-99.4,1.2,0.3710020634337813,0.5943047766098349,-0.5858747132175769,-0.40732066218009677,1,1000000
27.07365064700025,motion,-66.3,-99.5,1,0.3715199798238925,0.5934219312578534,-0.5869870734643504,-0.40653350622010387,1,1000000
27.18633175800096,motion,-66.3,-99.4,0.9,0.37177248744046115,0.5929945540608164,-0.587549371890445,-0.4061137919693068,1,1000000
27.31211779899968,motion,-66.3,-99.5,0.8,0.37202111302404384,0.5925409860085664,-0.5881197518282882,-0.405722354417131,1,1000000
27.430906863000928,motion,-66.3,-99.5,0.7,0.3722758136460984,0.5920952905351026,-0.5886819114864194,-0.4053239353763647,1,1000000
27.54534210299971,motion,-66.3,-99.5,0.7,0.3725223353574815,0.5916506946023468,-0.5892457665161148,-0.40492714391505674,1,1000000
27.65971025900035,motion,-66.3,-99.5,0.6,0.3727762991874734,0.5911974898554511,-0.5898176423308535,-0.40452256741494463,1,1000000
27.774344421000933,motion,-66.3,-99.5,0.5,0.3732805845596708,0.590303241807282,-0.5909351702507633,-0.40373173328747086,1,1000000
27.912626376000844,motion,-66.3,-99.5,0.4,0.3735504038578722,0.5898486795300399,-0.5914947213508874,-0.4033269463454243,1,1000000
28.03392909000104,motion,-66.3,-99.5,0.3,0.3738003629881468,0.589396840476605,-0.5920572339500171,-0.4029303721408702,1,1000000
28.147927694000828,motion,-66.3,-99.5,0.2,0.3740478841744205,0.5889521379275907,-0.5926247378061803,-0.40251643409346083,1,1000000
28.259582401000443,motion,-66.3,-99.5,0.1,0.374292744305258,0.5885024402919421,-0.5931820007434406,-0.4021255193653799,1,1000000
28.3754990540001,motion,-66.3,-99.5,0,0.3748107155624349,0.5875938379720378,-0.5943053207966875,-0.40131234063957233,1,1000000
28.662665034000383,motion,-66.3,-99.5,-0.2,0.375327900995805,0.5866774102432998,-0.5954334514444808,-0.4004966765719925,1,1000000
28.804729712999688,motion,-66.3,-99.5,-0.2,0.3755717835852484,0.5862372589562833,-0.5959930483177723,-0.4000799894307493,1,1000000
28.93964895300087,motion,-66.3,-99.5,-0.5,0.376082805764995,0.5853181450011474,-0.5971227256263981,-0.39926036978498936,1,1000000
29.063694571999804,motion,-66.3,-99.5,-0.6,0.376348388583543,0.5848648143374731,-0.5976860122665887,-0.3988313805374735,1,1000000
29.186157272000855,motion,-66.3,-99.5,-0.8,0.376847310410413,0.5839431494384163,-0.5988105153295897,-0.3980232023275687,1,1000000
29.301571369000158,motion,-66.3,-99.5,-0.9,0.3771000835097453,0.5834902710272734,-0.599365430603935,-0.39761251392583474,1,1000000
29.41765048399975,motion,-66.3,-99.5,-1,0.37735336872884556,0.583031950124084,-0.5999239063880372,-0.3972020729900804,1,1000000
29.5373822370002,motion,-66.3,-99.5,-1.1,0.37760308207093896,0.5825725170360543,-0.6004845471717439,-0.39679148606383874,1,1000000
29.66712688000007,motion,-66.3,-99.5,-1.2,0.37785558091564186,0.5821127018023651,-0.6010461759174278,-0.3963753988156808,1,1000000
29.785616683000626,motion,-66.3,-99.5,-1.4,0.37836617849878956,0.5811890596967524,-0.6021582108384412,-0.3955550542931721,1,1000000
29.905600443000367,motion,-66.3,-99.5,-1.5,0.37861117874080186,0.5807327194553741,-0.6027180698532589,-0.3951379659800216,1,1000000
30.036780706999707,motion,-66.3,-99.5,-1.5,0.3788629853634514,0.5802744158621597,-0.6032796634843988,-0.3947126654206492,1,1000000
30.14923547500075,motion,-66.3,-99.5,-1.6,0.37911170163350044,0.5798145447312614,-0.6038321167808975,-0.39430468694466725,1,1000000
30.30354609999995,motion,-66.3,-99.5,-1.8,0.37961914780964395,0.5788870995835048,-0.6049410644319657,-0.39347850909039145,1,1000000
30.46545659200092,motion,-66.3,-99.5,-1.9,0.37985812803471203,0.5784296411637729,-0.6054965248850342,-0.3930660391604197,1,1000000
30.58652771299967,motion,-66.3,-99.5,-2.1,0.3803672594658139,0.5774966037397747,-0.6066063805416168,-0.39223350147799846,1,1000000
30.714402429000984,motion,-66.3,-99.5,-2.2,0.3806179323935702,0.577034750228718,-0.607162989706432,-0.39180861463177635,1,1000000
30.82673002699994,motion,-66.3,-99.5,-2.3,0.3808669595394529,0.576567254937109,-0.6077138420846157,-0.3914006205976358,1,1000000
30.942567050000434,motion,-66.3,-99.5,-2.4,0.381107001199802,0.5761063224837426,-0.6082676748779153,-0.3909851589630567,1,1000000
31.0653150069993,motion,-66.3,-99.5,-2.5,0.3813564159108033,0.5756402578192721,-0.6088244283488854,-0.3905616379869908,1,1000000
31.188771147000807,stop-tail,-66.3,-99.5,-2.7,0.381851748982961,0.5747132693436736,-0.6099236987163122,-0.38972680377820196,1,1000000
31.2987717649994,stop-tail,-66.3,-99.5,-2.8,0.3820932687588346,0.5742490114328337,-0.6104753425022018,-0.3893104969486714,1,1000000
31.411559330999808,stop-tail,-66.3,-99.5,-2.9,0.38234874387696843,0.5737782087924728,-0.6110261047741338,-0.38888957874331775,1,1000000
31.521521156000745,stop-tail,-66.3,-99.5,-3,0.3825947309582532,0.5733046629118852,-0.6115775768539384,-0.3884789605833713,1,1000000
31.632150331999583,stop-tail,-66.3,-99.5,-3.1,0.38282173633416594,0.5728716814578962,-0.6120964846611676,-0.38807660099410524,1,1000000
31.738778028000525,stop-tail,-66.3,-99.5,-3.1,0.38284118286289326,0.5728358375386922,-0.6121359199308974,-0.3880481251930481,1,1000000
31.844916875999843,stop-tail,-66.3,-99.5,-3.1,0.3828428432021263,0.5728323676154562,-0.6121362638228057,-0.38805106691521846,1,1000000
31.95550200999969,stop-tail,-66.3,-99.5,-3.1,0.3828360181369917,0.5728381487662108,-0.6121365017077028,-0.3880488910075237,1,1000000
32.069415731000845,stop-tail,-66.3,-99.5,-3.1,0.3828399312759216,0.5728337665537535,-0.6121399255710029,-0.3880460983419551,1,1000000
32.1766203570005,stop-tail,-66.3,-99.5,-3.1,0.3828310518304207,0.572837374877102,-0.6121411559971633,-0.38804759093799396,1,1000000
32.28839464500015,stop-tail,-66.3,-99.5,-3.1,0.3828227019554133,0.5728469634075862,-0.6121407900153393,-0.38804225102643225,1,1000000
32.39923965900016,stop-tail,-66.3,-99.5,-3.1,0.3828185607368603,0.5728488877166246,-0.6121442611199357,-0.3880380200123605,1,1000000
32.50680391900096,stop-tail,-66.3,-99.5,-3.1,0.3828185607368603,0.5728488877166246,-0.6121442611199357,-0.3880380200123605,1,1000000
32.613334194000345,stop-tail,-66.3,-99.5,-3.1,0.3828150053745543,0.5728525699070417,-0.6121424587712856,-0.38803893487693064,1,1000000
32.72004793199994,stop-tail,-66.3,-99.5,-3.1,0.38281661628607444,0.5728537643735112,-0.6121391234478633,-0.38804084383329995,1,1000000
32.8586046370001,stop-tail,-66.3,-99.5,-3,0.38280160946716063,0.5728623081155028,-0.6121352708147887,-0.3880491128123286,1,1000000
32.96972411599927,stop-tail,-66.3,-99.5,-3,0.38279544742389915,0.5728655372977093,-0.6121403484629457,-0.3880424144237416,1,1000000
33.09661705399958,stop-tail,-66.3,-99.5,-3.1,0.3827989417493684,0.5728611527139957,-0.6121376901208672,-0.38804963373290907,1,1000000
